Type,Name,Request Count,Failure Count,Median Response Time,Average Response Time,Min Response Time,Max Response Time,Average Content Size,Requests/s,Failures/s,50%,66%,75%,80%,90%,95%,98%,99%,99.9%,99.99%,100%
GET,/high-degree//,216,0,130.0,144.25211851851816,113.7359999999994,364.7505,6503.0,3.6964822395380788,0.0,130,130,140,140,220,270,300,360,360,360,360
POST,/high-degree//search-word,242,0,130.0,148.0854338842978,121.0275999999979,401.20230000000004,6582.0,4.141429175778773,0.0,130,140,140,150,170,270,300,310,400,400,400
GET,/high-degree//top-connected-nodes?limit=10&min_length=5,438,277,150.0,180.41025045662101,122.49719999999797,2405.5933999999997,344.7945205479452,7.495644541285548,4.740396205333554,150,170,180,180,200,260,380,510,2400,2400,2400
,Aggregated,896,277,140.0,162.96297131696434,113.7359999999994,2405.5933999999997,3513.964285714286,15.3335559566024,4.740396205333554,140,150,170,180,200,270,350,400,2400,2400,2400
