Type,Name,Request Count,Failure Count,Median Response Time,Average Response Time,Min Response Time,Max Response Time,Average Content Size,Requests/s,Failures/s,50%,66%,75%,80%,90%,95%,98%,99%,99.9%,99.99%,100%
GET,/max-distance/,201,201,21046.648,21088.739690547252,21046.648,21153.234599999996,0.0,3.9080120762196113,3.9080120762196113,21000,21000,21000,21000,21000,21000,21000,21000,21000,21000,21000
POST,/max-distance/search,799,799,21042.8978,21086.188570963706,21042.8978,21152.5452,0.0,15.534834074126714,15.534834074126714,21000,21000,21000,21000,21000,21000,21000,21000,21000,21000,21000
,Aggregated,1000,1000,21042.8978,21086.701346000023,21042.8978,21153.234599999996,0.0,19.442846150346323,19.442846150346323,21000,21000,21000,21000,21000,21000,21000,21000,21000,21000,21000
