Type,Name,Request Count,Failure Count,Median Response Time,Average Response Time,Min Response Time,Max Response Time,Average Content Size,Requests/s,Failures/s,50%,66%,75%,80%,90%,95%,98%,99%,99.9%,99.99%,100%
GET,/all-paths/,227,0,140.0,163.97614140969173,112.89310000000086,525.909900000002,9969.0,3.8859244164327085,0.0,140,150,160,170,240,300,440,450,530,530,530
POST,/all-paths/,226,0,190.0,204.523907964602,152.63079999999718,384.4452999999959,9969.0,3.868805806668688,0.0,190,210,220,230,270,320,360,360,380,380,380
GET,/all-paths/api/paths?start_word=blighted&end_word=slighted,211,0,200.0,224.67150710900478,146.0347000000013,710.4173999999998,13484.0,3.6120266602083766,0.0,200,220,240,250,330,440,480,600,710,710,710
GET,/all-paths/display?start_word=blighted&end_word=slighted,451,0,200.0,226.09908292682948,147.47090000000009,640.0594000000002,7729.0,7.720493003573355,0.0,200,220,240,260,340,420,560,610,640,640,640
,Aggregated,1115,0,190.0,208.80839614349796,112.89310000000086,710.4173999999998,9728.125560538117,19.08724988688313,0.0,190,210,220,240,310,380,470,570,640,710,710
