Type,Name,Request Count,Failure Count,Median Response Time,Average Response Time,Min Response Time,Max Response Time,Average Content Size,Requests/s,Failures/s,50%,66%,75%,80%,90%,95%,98%,99%,99.9%,99.99%,100%
GET,/node-connections/,52,0,2000.0,1850.8388942307695,493.50360000000035,2865.2882,12811.0,0.8950960603315894,0.0,2000,2200,2200,2300,2400,2700,2900,2900,2900,2900,2900
GET,/node-connections/api/nodes/degree_range?min_degree=2&max_degree=5,101,0,5700.0,5634.8878326732665,2948.6629,8354.913,229446.0,1.7385519633363564,0.0,5700,6000,6200,6400,6900,7500,7800,8000,8400,8400,8400
GET,/node-connections/api/nodes/min_degree?min_degree=4,127,0,4600.0,4528.857177952756,2214.5538,7104.0042,158305.0,2.1860999935021512,0.0,4600,4900,5100,5200,5400,5600,5900,6200,7100,7100,7100
GET,/node-connections/api/nodes/specific_degree?degree=3,118,0,3100.0,2957.092760169492,1138.6417000000008,4071.469099999998,58261.0,2.031179521521684,0.0,3100,3300,3400,3500,3600,3800,4000,4100,4100,4100,4100
,Aggregated,398,0,4000.0,3993.6409570351752,493.50360000000035,8354.913,127687.81658291457,6.8509275386917805,0.0,4000,4800,5200,5300,6000,6400,7100,7800,8400,8400,8400
