Type,Name,Request Count,Failure Count,Median Response Time,Average Response Time,Min Response Time,Max Response Time,Average Content Size,Requests/s,Failures/s,50%,66%,75%,80%,90%,95%,98%,99%,99.9%,99.99%,100%
GET,/node-connections/,76,76,21059.0046,21091.636013157902,21059.0046,21111.4501,0.0,2.5189646644294035,2.5189646644294035,21000,21000,21000,21000,21000,21000,21000,21000,21000,21000,21000
GET,/node-connections/api/nodes/degree_range,125,125,21060.2902,21091.14148799999,21060.2902,21115.4602,0.0,4.143033987548361,4.143033987548361,21000,21000,21000,21000,21000,21000,21000,21000,21000,21000,21000
GET,/node-connections/api/nodes/min_degree,143,143,21061.961799999997,21089.924572027965,21061.961799999997,21121.8416,0.0,4.739630881755325,4.739630881755325,21000,21000,21000,21000,21000,21000,21000,21000,21000,21000,21000
GET,/node-connections/api/nodes/specific_degree,156,156,21062.616299999998,21091.115291666672,21062.616299999998,21123.6898,0.0,5.170506416460355,5.170506416460355,21000,21000,21000,21000,21000,21000,21000,21000,21000,21000,21000
,Aggregated,500,500,21059.0046,21090.860444600003,21059.0046,21123.6898,0.0,16.572135950193445,16.572135950193445,21000,21000,21000,21000,21000,21000,21000,21000,21000,21000,21000
