Type,Name,Request Count,Failure Count,Median Response Time,Average Response Time,Min Response Time,Max Response Time,Average Content Size,Requests/s,Failures/s,50%,66%,75%,80%,90%,95%,98%,99%,99.9%,99.99%,100%
GET,/shortest-path/,303,0,130.0,142.7213891089109,113.99759999999759,324.9266999999998,11831.0,5.188455372026442,0.0,130,140,140,140,160,260,290,310,320,320,320
POST,/shortest-path/api/download/json,307,0,130.0,135.89862964169401,113.90659999999997,308.5155999999998,48.0,5.256949832383227,0.0,130,130,130,130,140,250,280,300,310,310,310
GET,/shortest-path/api/paths?start_word=slighted&end_word=blighted,315,32,180.0,198.87719396825395,134.712099999998,455.2659999999995,144.61269841269842,5.393938753096796,0.5479556828542776,180,190,210,220,240,300,360,380,460,460,460
,Aggregated,925,32,140.0,159.58029870270278,113.90659999999997,455.2659999999995,3940.629189189189,15.839343957506465,0.5479556828542776,140,170,180,190,220,260,310,340,460,460,460
