Type,Name,Request Count,Failure Count,Median Response Time,Average Response Time,Min Response Time,Max Response Time,Average Content Size,Requests/s,Failures/s,50%,66%,75%,80%,90%,95%,98%,99%,99.9%,99.99%,100%
GET,/isolated-nodes/,285,0,130.0,147.0377929824562,113.07340000000465,348.9741000000002,5846.0,4.881792560649637,0.0,130,130,140,150,220,270,310,320,350,350,350
GET,/isolated-nodes/isolated-nodes,623,0,170.0,205.18840802568212,148.0651999999978,2297.9323000000004,3.0,10.671427246613067,0.0,170,170,180,190,220,300,400,1600,2300,2300,2300
,Aggregated,908,0,160.0,186.93628766519825,113.07340000000465,2297.9323000000004,1836.9812775330397,15.553219807262703,0.0,160,170,180,180,220,280,330,1500,2300,2300,2300
