Type,Name,Request Count,Failure Count,Median Response Time,Average Response Time,Min Response Time,Max Response Time,Average Content Size,Requests/s,Failures/s,50%,66%,75%,80%,90%,95%,98%,99%,99.9%,99.99%,100%
GET,/max-distance/,196,0,130.0,142.57423979591837,113.00739999999898,360.42489999999816,2263.0,3.353998680682497,0.0,130,130,140,140,200,260,300,310,360,360,360
POST,/max-distance/search,370,0,3300.0,3002.666785405408,132.5965999999994,3767.4159999999997,5451.318918918919,6.33152812169655,0.0,3300,3400,3500,3500,3600,3600,3700,3700,3800,3800,3800
,Aggregated,566,0,3200.0,2012.246045229684,113.00739999999898,3767.4159999999997,4347.236749116608,9.685526802379048,0.0,3200,3300,3400,3500,3500,3600,3600,3700,3800,3800,3800
