Type,Name,Request Count,Failure Count,Median Response Time,Average Response Time,Min Response Time,Max Response Time,Average Content Size,Requests/s,Failures/s,50%,66%,75%,80%,90%,95%,98%,99%,99.9%,99.99%,100%
GET,/isolated-nodes/,1387,459,740.0,5089.007401946641,39.02349999999899,21093.899800000003,3911.382840663302,23.792364717853417,7.873608799924093,740,3300,7400,8500,21000,21000,21000,21000,21000,21000,21000
GET,/isolated-nodes/isolated-nodes,2723,2723,820.0,5283.820987991176,41.573900000001274,21094.473299999998,228.1839882482556,46.709884013493046,46.709884013493046,820,3300,7400,8600,21000,21000,21000,21000,21000,21000,21000
,Aggregated,4110,3182,790.0,5218.077327688569,39.02349999999899,21094.473299999998,1471.1515815085158,70.50224873134646,54.58349281341714,790,3300,7400,8600,21000,21000,21000,21000,21000,21000,21000
