Type,Name,Request Count,Failure Count,Median Response Time,Average Response Time,Min Response Time,Max Response Time,Average Content Size,Requests/s,Failures/s,50%,66%,75%,80%,90%,95%,98%,99%,99.9%,99.99%,100%
GET,/shortest-path/,326,20,200.0,248.06649693251546,19.64840000000123,552.7709000000003,11105.171779141105,5.559007724374409,0.3410434186732766,200,320,370,380,390,410,520,530,550,550,550
POST,/shortest-path/,47,46,1000.0,6623.299457446808,35.547000000001105,57022.083199999994,465.97872340425533,0.8014520338822,0.7843998629485361,1000,1700,2700,3600,35000,35000,57000,57000,57000,57000,57000
GET,/shortest-path/api/paths,14,14,250.0,208.99967142857116,26.508100000000923,302.35530000000034,0.0,0.23873039307129362,0.23873039307129362,250,260,280,280,300,300,300,300,300,300,300
GET,/shortest-path/api/paths?start_word=blighted&end_word=slighted,70,65,1200.0,11827.84640857143,236.82409999999976,57386.69069999999,255.42857142857142,1.1936519653564681,1.108391110688149,1300,3100,33000,35000,37000,48000,54000,57000,57000,57000,57000
POST,/shortest-path/download/json,649,649,230.0,253.8848684129431,6.119599999999892,548.6569000000001,22.007704160246533,11.066858935947826,11.066858935947826,230,320,370,380,390,410,470,530,550,550,550
,Aggregated,1106,794,250.0,1254.8022387884275,6.119599999999892,57386.69069999999,3322.1971066907777,18.859701052632197,13.539423721329081,250,360,380,390,510,1200,34000,36000,57000,57000,57000
