Type,Name,Request Count,Failure Count,Median Response Time,Average Response Time,Min Response Time,Max Response Time,Average Content Size,Requests/s,Failures/s,50%,66%,75%,80%,90%,95%,98%,99%,99.9%,99.99%,100%
GET,/all-paths/,746,237,3600.0,4914.240771849865,1.7412999999990575,45578.258700000006,6809.270777479893,12.595620068902225,4.001557582211565,3600,4700,5300,6600,11000,19000,28000,37000,46000,46000,46000
POST,/all-paths/,486,265,140.0,2570.528789711932,1.0298999999989178,36523.457800000004,4533.228395061728,8.205725674914854,4.474315440025589,140,3900,4400,4600,5900,8700,11000,19000,37000,37000,37000
GET,/all-paths/api/paths,203,203,140.0,165.9327709359604,4.470399999998875,477.8749999999974,0.0,3.4274944691516778,3.4274944691516778,140,250,260,270,300,350,370,380,480,480,480
GET,/all-paths/api/paths?start_word=blighted&end_word=slighted,547,40,4900.0,6968.7245497257745,739.9084,45830.702399999995,12509.4478976234,9.235662436581123,0.6753683683057493,4900,6400,7400,8500,12000,19000,28000,37000,46000,46000,46000
GET,/all-paths/display,455,455,240.0,186.2459351648351,2.6197000000038884,485.28059999999937,0.0,7.682315189477898,7.682315189477898,240,250,260,270,310,350,380,430,490,490,490
GET,/all-paths/display?start_word=blighted&end_word=slighted,1137,97,5000.0,7223.521791996491,487.2301000000001,45827.5276,7083.015831134565,19.197345869090924,1.6377682931414421,5000,6700,7600,8900,13000,20000,30000,37000,46000,46000,46000
,Aggregated,3574,1297,3900.0,4773.017198321215,1.0298999999989178,45830.702399999995,6205.630106323447,60.34416370811871,21.89881934231392,3900,4800,5700,6800,11000,15000,28000,36000,46000,46000,46000
