Type,Name,Request Count,Failure Count,Median Response Time,Average Response Time,Min Response Time,Max Response Time,Average Content Size,Requests/s,Failures/s,50%,66%,75%,80%,90%,95%,98%,99%,99.9%,99.99%,100%
GET,/strongly-connected/,65,0,950.0,1272.8428861538468,138.77870000000314,4103.3534,6593.0,1.1183147990633104,0.0,950,1700,2000,2400,2800,3700,4000,4100,4100,4100,4100
GET,/strongly-connected/api/clusters?algorithm=louvain,100,84,2100.0,2077.5453390000002,284.1927999999996,6457.6431,184.12,1.720484306251247,1.4452068172510475,2100,2400,2800,3200,3900,5000,5700,6500,6500,6500,6500
GET,/strongly-connected/api/clusters?algorithm=wcc,98,23,1300.0,1566.6377000000005,215.9196999999935,4143.992399999998,96.78571428571429,1.686074620126222,0.3957113904377868,1300,2100,2300,2500,3500,3900,4000,4100,4100,4100,4100
GET,/strongly-connected/api/download/all_results?property=community,37,0,10000.0,9633.694975675675,1833.8555999999996,15155.6375,366487.13513513515,0.6365791933129614,0.0,10000,12000,12000,12000,14000,15000,15000,15000,15000,15000,15000
GET,/strongly-connected/api/download/all_results?property=component,50,0,8500.0,8671.761659999996,2011.3461,14630.097899999999,346064.0,0.8602421531256235,0.0,8600,11000,12000,12000,13000,14000,15000,15000,15000,15000,15000
GET,/strongly-connected/display?algorithm=louvain&cluster=86,42,0,710.0,1176.1008761904766,147.91190000000398,3981.2736000000014,9644.0,0.7226034086255237,0.0,720,1400,2100,2200,2400,2800,4000,4000,4000,4000,4000
GET,/strongly-connected/display?algorithm=wcc&cluster=4453,60,0,900.0,1386.2016566666664,145.54079999999914,4168.012299999998,9502.0,1.0322905837507481,0.0,1000,1700,2200,2600,3700,4100,4100,4200,4200,4200,4200
,Aggregated,452,107,1900.0,3023.5021004424757,138.77870000000314,15155.6375,71448.74778761061,7.776589064255637,1.8409182076888342,1900,2600,3700,4100,8800,12000,13000,14000,15000,15000,15000
